Processors = 12,,,
Duration = 36000 seconds,,,
Rain_application_duration = 6 hours,,,
Time_step = 60 seconds,,,
cfl = 0.70000000000000007,,,
Time_step_min = 60 seconds,,,
Time_steps = 600,,,
mult = 0,,,
addition = 0.028000001,,,
InitialWaterLevel = 0 meter,,,
Minutes_to_seconds = 60,,,
Hour_to_minute = 60,,,
Rain_duration_seconds = 21600,,,
sea_level = 6.5 meter,,,
seconds_per_day = 86400,,,
current_time = 0 seconds,,,
------------------------------,,,
Time step,Time [hours],Max difference in water depth [m],Rainfall situation
0,0.0166667,0,No rainfall.
1,0.0333333,0,No rainfall.
2,0.05,0.0202465,No rainfall.
3,0.0666667,0.0387073,No rainfall.
4,0.0833333,0.0553222,No rainfall.
5,0.1,0.07022,No rainfall.
6,0.116667,0.0835338,No rainfall.
7,0.133333,0.0958414,No rainfall.
8,0.15,0.107529,No rainfall.
9,0.166667,0.118143,No rainfall.
10,0.183333,0.127757,No rainfall.
11,0.2,0.136442,No rainfall.
12,0.216667,0.144271,No rainfall.
13,0.233333,0.151316,No rainfall.
14,0.25,0.157645,No rainfall.
15,0.266667,0.163326,No rainfall.
16,0.283333,0.16842,No rainfall.
17,0.3,0.172986,No rainfall.
18,0.316667,0.177077,No rainfall.
19,0.333333,0.180744,No rainfall.
20,0.35,0.184031,No rainfall.
21,0.366667,0.186982,No rainfall.
22,0.383333,0.189633,No rainfall.
23,0.4,0.192018,No rainfall.
24,0.416667,0.19417,No rainfall.
25,0.433333,0.196113,No rainfall.
26,0.45,0.197872,No rainfall.
27,0.466667,0.199466,No rainfall.
28,0.483333,0.200908,No rainfall.
29,0.5,0.202216,No rainfall.
30,0.516667,0.203402,No rainfall.
31,0.533333,0.204478,No rainfall.
32,0.55,0.205455,No rainfall.
33,0.566667,0.206344,No rainfall.
34,0.583333,0.207152,No rainfall.
35,0.6,0.20789,No rainfall.
36,0.616667,0.208562,No rainfall.
37,0.633333,0.209177,No rainfall.
38,0.65,0.209739,No rainfall.
39,0.666667,0.210254,No rainfall.
40,0.683333,0.210726,No rainfall.
41,0.7,0.21116,No rainfall.
42,0.716667,0.223324,No rainfall.
43,0.733333,0.256425,No rainfall.
44,0.75,0.290184,No rainfall.
45,0.766667,0.324315,No rainfall.
46,0.783333,0.358586,No rainfall.
47,0.8,0.392791,No rainfall.
48,0.816667,0.426746,No rainfall.
49,0.833333,0.460289,No rainfall.
50,0.85,0.493277,No rainfall.
51,0.866667,0.525585,No rainfall.
52,0.883333,0.557108,No rainfall.
53,0.9,0.587756,No rainfall.
54,0.916667,0.617453,No rainfall.
55,0.933333,0.646136,No rainfall.
56,0.95,0.673741,No rainfall.
57,0.966667,0.700206,No rainfall.
58,0.983333,0.725505,No rainfall.
59,1,0.749622,No rainfall.
60,1.01667,0.77255,No rainfall.
61,1.03333,0.794289,No rainfall.
62,1.05,0.814846,No rainfall.
63,1.06667,0.834234,No rainfall.
64,1.08333,0.852472,No rainfall.
65,1.1,0.869584,No rainfall.
66,1.11667,0.885598,No rainfall.
67,1.13333,0.900543,No rainfall.
68,1.15,0.914453,No rainfall.
69,1.16667,0.927364,No rainfall.
70,1.18333,0.939314,No rainfall.
71,1.2,0.950342,No rainfall.
72,1.21667,0.960487,No rainfall.
73,1.23333,0.96979,No rainfall.
74,1.25,0.978292,No rainfall.
75,1.26667,0.986034,No rainfall.
76,1.28333,0.993056,No rainfall.
77,1.3,0.9994,No rainfall.
78,1.31667,1.0057,No rainfall.
79,1.33333,1.01462,No rainfall.
80,1.35,1.02277,No rainfall.
81,1.36667,1.03018,No rainfall.
82,1.38333,1.03689,No rainfall.
83,1.4,1.04294,No rainfall.
84,1.41667,1.04837,No rainfall.
85,1.43333,1.0532,No rainfall.
86,1.45,1.05748,No rainfall.
87,1.46667,1.06124,No rainfall.
88,1.48333,1.06452,No rainfall.
89,1.5,1.06735,No rainfall.
90,1.51667,1.06976,No rainfall.
91,1.53333,1.07178,No rainfall.
92,1.55,1.07345,No rainfall.
93,1.56667,1.07479,No rainfall.
94,1.58333,1.07582,No rainfall.
95,1.6,1.07658,No rainfall.
96,1.61667,1.07709,No rainfall.
97,1.63333,1.07738,No rainfall.
98,1.65,1.07745,No rainfall.
99,1.66667,1.07735,No rainfall.
100,1.68333,1.07708,No rainfall.
101,1.7,1.07666,No rainfall.
102,1.71667,1.07611,No rainfall.
103,1.73333,1.07544,No rainfall.
104,1.75,1.07468,No rainfall.
105,1.76667,1.07383,No rainfall.
106,1.78333,1.07291,No rainfall.
107,1.8,1.07192,No rainfall.
108,1.81667,1.07088,No rainfall.
109,1.83333,1.0698,No rainfall.
110,1.85,1.06869,No rainfall.
111,1.86667,1.06755,No rainfall.
112,1.88333,1.06639,No rainfall.
113,1.9,1.06522,No rainfall.
114,1.91667,1.06404,No rainfall.
115,1.93333,1.06287,No rainfall.
116,1.95,1.06169,No rainfall.
117,1.96667,1.06053,No rainfall.
118,1.98333,1.05937,No rainfall.
119,2,1.05824,No rainfall.
120,2.01667,1.05711,No rainfall.
121,2.03333,1.05601,No rainfall.
122,2.05,1.05493,No rainfall.
123,2.06667,1.05387,No rainfall.
124,2.08333,1.05284,No rainfall.
125,2.1,1.05183,No rainfall.
126,2.11667,1.05085,No rainfall.
127,2.13333,1.04989,No rainfall.
128,2.15,1.04896,No rainfall.
129,2.16667,1.04806,No rainfall.
130,2.18333,1.04718,No rainfall.
131,2.2,1.04634,No rainfall.
132,2.21667,1.04552,No rainfall.
133,2.23333,1.04472,No rainfall.
134,2.25,1.04395,No rainfall.
135,2.26667,1.04321,No rainfall.
136,2.28333,1.0425,No rainfall.
137,2.3,1.0418,No rainfall.
138,2.31667,1.04113,No rainfall.
139,2.33333,1.04049,No rainfall.
140,2.35,1.03986,No rainfall.
141,2.36667,1.04549,No rainfall.
142,2.38333,1.0516,No rainfall.
143,2.4,1.05741,No rainfall.
144,2.41667,1.06294,No rainfall.
145,2.43333,1.0682,No rainfall.
146,2.45,1.07318,No rainfall.
147,2.46667,1.07787,No rainfall.
148,2.48333,1.08226,No rainfall.
149,2.5,1.08637,No rainfall.
150,2.51667,1.09018,No rainfall.
151,2.53333,1.09371,No rainfall.
152,2.55,1.09695,No rainfall.
153,2.56667,1.09991,No rainfall.
154,2.58333,1.10259,No rainfall.
155,2.6,1.10501,No rainfall.
156,2.61667,1.10717,No rainfall.
157,2.63333,1.10907,No rainfall.
158,2.65,1.11073,No rainfall.
159,2.66667,1.11214,No rainfall.
160,2.68333,1.11332,No rainfall.
161,2.7,1.11428,No rainfall.
162,2.71667,1.11502,No rainfall.
163,2.73333,1.11556,No rainfall.
164,2.75,1.1159,No rainfall.
165,2.76667,1.11604,No rainfall.
166,2.78333,1.11601,No rainfall.
167,2.8,1.1158,No rainfall.
168,2.81667,1.11542,No rainfall.
169,2.83333,1.11489,No rainfall.
170,2.85,1.11421,No rainfall.
171,2.86667,1.11338,No rainfall.
172,2.88333,1.11243,No rainfall.
173,2.9,1.11134,No rainfall.
174,2.91667,1.11014,No rainfall.
175,2.93333,1.10883,No rainfall.
176,2.95,1.10742,No rainfall.
177,2.96667,1.10591,No rainfall.
178,2.98333,1.10431,No rainfall.
179,3,1.10262,No rainfall.
180,3.01667,1.10086,No rainfall.
181,3.03333,1.09902,No rainfall.
182,3.05,1.09712,No rainfall.
183,3.06667,1.09516,No rainfall.
184,3.08333,1.09314,No rainfall.
185,3.1,1.09107,No rainfall.
186,3.11667,1.08897,No rainfall.
187,3.13333,1.08682,No rainfall.
188,3.15,1.08465,No rainfall.
189,3.16667,1.08244,No rainfall.
190,3.18333,1.08021,No rainfall.
191,3.2,1.07797,No rainfall.
192,3.21667,1.0757,No rainfall.
193,3.23333,1.07343,No rainfall.
194,3.25,1.07115,No rainfall.
195,3.26667,1.06887,No rainfall.
196,3.28333,1.06659,No rainfall.
197,3.3,1.06431,No rainfall.
198,3.31667,1.06204,No rainfall.
199,3.33333,1.05978,No rainfall.
200,3.35,1.05753,No rainfall.
201,3.36667,1.0553,No rainfall.
202,3.38333,1.05308,No rainfall.
203,3.4,1.05088,No rainfall.
204,3.41667,1.0487,No rainfall.
205,3.43333,1.04655,No rainfall.
206,3.45,1.04443,No rainfall.
207,3.46667,1.04234,No rainfall.
208,3.48333,1.04028,No rainfall.
209,3.5,1.03825,No rainfall.
210,3.51667,1.03624,No rainfall.
211,3.53333,1.03425,No rainfall.
212,3.55,1.03229,No rainfall.
213,3.56667,1.03035,No rainfall.
214,3.58333,1.02844,No rainfall.
215,3.6,1.02655,No rainfall.
216,3.61667,1.02468,No rainfall.
217,3.63333,1.02283,No rainfall.
218,3.65,1.02119,No rainfall.
219,3.66667,1.0211,No rainfall.
220,3.68333,1.02102,No rainfall.
221,3.7,1.02093,No rainfall.
222,3.71667,1.02085,No rainfall.
223,3.73333,1.02077,No rainfall.
224,3.75,1.02069,No rainfall.
225,3.76667,1.02061,No rainfall.
226,3.78333,1.02053,No rainfall.
227,3.8,1.02045,No rainfall.
228,3.81667,1.02038,No rainfall.
229,3.83333,1.02031,No rainfall.
230,3.85,1.02023,No rainfall.
231,3.86667,1.02016,No rainfall.
232,3.88333,1.02009,No rainfall.
233,3.9,1.02002,No rainfall.
234,3.91667,1.01995,No rainfall.
235,3.93333,1.01989,No rainfall.
236,3.95,1.01982,No rainfall.
237,3.96667,1.01975,No rainfall.
238,3.98333,1.01969,No rainfall.
239,4,1.01963,No rainfall.
240,4.01667,1.01956,No rainfall.
241,4.03333,1.0195,No rainfall.
242,4.05,1.01944,No rainfall.
243,4.06667,1.01938,No rainfall.
244,4.08333,1.01932,No rainfall.
245,4.1,1.01926,No rainfall.
246,4.11667,1.0192,No rainfall.
247,4.13333,1.01915,No rainfall.
248,4.15,1.01909,No rainfall.
249,4.16667,1.01903,No rainfall.
250,4.18333,1.01898,No rainfall.
251,4.2,1.01893,No rainfall.
252,4.21667,1.01887,No rainfall.
253,4.23333,1.01882,No rainfall.
254,4.25,1.01877,No rainfall.
255,4.26667,1.01872,No rainfall.
256,4.28333,1.01866,No rainfall.
257,4.3,1.01861,No rainfall.
258,4.31667,1.01856,No rainfall.
259,4.33333,1.01851,No rainfall.
260,4.35,1.01847,No rainfall.
261,4.36667,1.01842,No rainfall.
262,4.38333,1.01837,No rainfall.
263,4.4,1.01832,No rainfall.
264,4.41667,1.01828,No rainfall.
265,4.43333,1.01823,No rainfall.
266,4.45,1.01818,No rainfall.
267,4.46667,1.01814,No rainfall.
268,4.48333,1.01809,No rainfall.
269,4.5,1.01805,No rainfall.
270,4.51667,1.01801,No rainfall.
271,4.53333,1.01796,No rainfall.
272,4.55,1.01792,No rainfall.
273,4.56667,1.01788,No rainfall.
274,4.58333,1.01784,No rainfall.
275,4.6,1.01779,No rainfall.
276,4.61667,1.01775,No rainfall.
277,4.63333,1.01771,No rainfall.
278,4.65,1.01767,No rainfall.
279,4.66667,1.01763,No rainfall.
280,4.68333,1.01759,No rainfall.
281,4.7,1.01756,No rainfall.
282,4.71667,1.01752,No rainfall.
283,4.73333,1.01748,No rainfall.
284,4.75,1.01744,No rainfall.
285,4.76667,1.0174,No rainfall.
286,4.78333,1.01737,No rainfall.
287,4.8,1.01733,No rainfall.
288,4.81667,1.01729,No rainfall.
289,4.83333,1.01726,No rainfall.
290,4.85,1.01722,No rainfall.
291,4.86667,1.01719,No rainfall.
292,4.88333,1.01715,No rainfall.
293,4.9,1.01712,No rainfall.
294,4.91667,1.01708,No rainfall.
295,4.93333,1.01705,No rainfall.
296,4.95,1.01702,No rainfall.
297,4.96667,1.01698,No rainfall.
298,4.98333,1.01695,No rainfall.
299,5,1.01692,No rainfall.
300,5.01667,1.01688,No rainfall.
301,5.03333,1.01685,No rainfall.
302,5.05,1.01682,No rainfall.
303,5.06667,1.01679,No rainfall.
304,5.08333,1.01676,No rainfall.
305,5.1,1.01673,No rainfall.
306,5.11667,1.0167,No rainfall.
307,5.13333,1.01667,No rainfall.
308,5.15,1.01664,No rainfall.
309,5.16667,1.01661,No rainfall.
310,5.18333,1.01658,No rainfall.
311,5.2,1.01655,No rainfall.
312,5.21667,1.01652,No rainfall.
313,5.23333,1.01649,No rainfall.
314,5.25,1.01646,No rainfall.
315,5.26667,1.01643,No rainfall.
316,5.28333,1.01641,No rainfall.
317,5.3,1.01638,No rainfall.
318,5.31667,1.01635,No rainfall.
319,5.33333,1.01633,No rainfall.
320,5.35,1.0163,No rainfall.
321,5.36667,1.01627,No rainfall.
322,5.38333,1.01625,No rainfall.
323,5.4,1.01622,No rainfall.
324,5.41667,1.0162,No rainfall.
325,5.43333,1.01617,No rainfall.
326,5.45,1.01615,No rainfall.
327,5.46667,1.01612,No rainfall.
328,5.48333,1.0161,No rainfall.
329,5.5,1.01608,No rainfall.
330,5.51667,1.01605,No rainfall.
331,5.53333,1.01603,No rainfall.
332,5.55,1.016,No rainfall.
333,5.56667,1.01598,No rainfall.
334,5.58333,1.01596,No rainfall.
335,5.6,1.01593,No rainfall.
336,5.61667,1.01591,No rainfall.
337,5.63333,1.01589,No rainfall.
338,5.65,1.01587,No rainfall.
339,5.66667,1.01585,No rainfall.
340,5.68333,1.01582,No rainfall.
341,5.7,1.0158,No rainfall.
342,5.71667,1.01578,No rainfall.
343,5.73333,1.01576,No rainfall.
344,5.75,1.01574,No rainfall.
345,5.76667,1.01572,No rainfall.
346,5.78333,1.0157,No rainfall.
347,5.8,1.01568,No rainfall.
348,5.81667,1.01566,No rainfall.
349,5.83333,1.01564,No rainfall.
350,5.85,1.01562,No rainfall.
351,5.86667,1.0156,No rainfall.
352,5.88333,1.01558,No rainfall.
353,5.9,1.01556,No rainfall.
354,5.91667,1.01554,No rainfall.
355,5.93333,1.01552,No rainfall.
356,5.95,1.0155,No rainfall.
357,5.96667,1.01548,No rainfall.
358,5.98333,1.01546,No rainfall.
359,6,1.01545,No rainfall.
360,6.01667,1.01543,No rainfall.
361,6.03333,1.01541,No rainfall.
362,6.05,1.01539,No rainfall.
363,6.06667,1.01538,No rainfall.
364,6.08333,1.01536,No rainfall.
365,6.1,1.01534,No rainfall.
366,6.11667,1.01532,No rainfall.
367,6.13333,1.01531,No rainfall.
368,6.15,1.01529,No rainfall.
369,6.16667,1.01527,No rainfall.
370,6.18333,1.01526,No rainfall.
371,6.2,1.01524,No rainfall.
372,6.21667,1.01522,No rainfall.
373,6.23333,1.01521,No rainfall.
374,6.25,1.01519,No rainfall.
375,6.26667,1.01518,No rainfall.
376,6.28333,1.01516,No rainfall.
377,6.3,1.01515,No rainfall.
378,6.31667,1.01513,No rainfall.
379,6.33333,1.01512,No rainfall.
380,6.35,1.0151,No rainfall.
381,6.36667,1.01509,No rainfall.
382,6.38333,1.01507,No rainfall.
383,6.4,1.01506,No rainfall.
384,6.41667,1.01504,No rainfall.
385,6.43333,1.01503,No rainfall.
386,6.45,1.01501,No rainfall.
387,6.46667,1.015,No rainfall.
388,6.48333,1.01498,No rainfall.
389,6.5,1.01497,No rainfall.
390,6.51667,1.01496,No rainfall.
391,6.53333,1.01494,No rainfall.
392,6.55,1.01493,No rainfall.
393,6.56667,1.01492,No rainfall.
394,6.58333,1.0149,No rainfall.
395,6.6,1.01489,No rainfall.
396,6.61667,1.01488,No rainfall.
397,6.63333,1.01486,No rainfall.
398,6.65,1.01485,No rainfall.
399,6.66667,1.01484,No rainfall.
400,6.68333,1.01482,No rainfall.
401,6.7,1.01481,No rainfall.
402,6.71667,1.0148,No rainfall.
403,6.73333,1.01479,No rainfall.
404,6.75,1.01478,No rainfall.
405,6.76667,1.01476,No rainfall.
406,6.78333,1.01475,No rainfall.
407,6.8,1.01474,No rainfall.
408,6.81667,1.01473,No rainfall.
409,6.83333,1.01472,No rainfall.
410,6.85,1.01471,No rainfall.
411,6.86667,1.01469,No rainfall.
412,6.88333,1.01468,No rainfall.
413,6.9,1.01467,No rainfall.
414,6.91667,1.01466,No rainfall.
415,6.93333,1.01465,No rainfall.
416,6.95,1.01464,No rainfall.
417,6.96667,1.01463,No rainfall.
418,6.98333,1.01463,No rainfall.
419,7,1.01464,No rainfall.
420,7.01667,1.01466,No rainfall.
421,7.03333,1.01467,No rainfall.
422,7.05,1.01469,No rainfall.
423,7.06667,1.0147,No rainfall.
424,7.08333,1.01472,No rainfall.
425,7.1,1.01473,No rainfall.
426,7.11667,1.01475,No rainfall.
427,7.13333,1.01477,No rainfall.
428,7.15,1.01478,No rainfall.
429,7.16667,1.0148,No rainfall.
430,7.18333,1.01481,No rainfall.
431,7.2,1.01483,No rainfall.
432,7.21667,1.01484,No rainfall.
433,7.23333,1.01486,No rainfall.
434,7.25,1.01487,No rainfall.
435,7.26667,1.01489,No rainfall.
436,7.28333,1.01491,No rainfall.
437,7.3,1.01492,No rainfall.
438,7.31667,1.01494,No rainfall.
439,7.33333,1.01495,No rainfall.
440,7.35,1.01497,No rainfall.
441,7.36667,1.01498,No rainfall.
442,7.38333,1.015,No rainfall.
443,7.4,1.01502,No rainfall.
444,7.41667,1.01503,No rainfall.
445,7.43333,1.01505,No rainfall.
446,7.45,1.01507,No rainfall.
447,7.46667,1.01508,No rainfall.
448,7.48333,1.0151,No rainfall.
449,7.5,1.01511,No rainfall.
450,7.51667,1.01513,No rainfall.
451,7.53333,1.01515,No rainfall.
452,7.55,1.01517,No rainfall.
453,7.56667,1.01518,No rainfall.
454,7.58333,1.0152,No rainfall.
455,7.6,1.01522,No rainfall.
456,7.61667,1.01523,No rainfall.
457,7.63333,1.01525,No rainfall.
458,7.65,1.01527,No rainfall.
459,7.66667,1.01529,No rainfall.
460,7.68333,1.0153,No rainfall.
461,7.7,1.01532,No rainfall.
462,7.71667,1.01534,No rainfall.
463,7.73333,1.01536,No rainfall.
464,7.75,1.01537,No rainfall.
465,7.76667,1.01539,No rainfall.
466,7.78333,1.01541,No rainfall.
467,7.8,1.01543,No rainfall.
468,7.81667,1.01545,No rainfall.
469,7.83333,1.01546,No rainfall.
470,7.85,1.01548,No rainfall.
471,7.86667,1.0155,No rainfall.
472,7.88333,1.01552,No rainfall.
473,7.9,1.01554,No rainfall.
474,7.91667,1.01556,No rainfall.
475,7.93333,1.01558,No rainfall.
476,7.95,1.01559,No rainfall.
477,7.96667,1.01561,No rainfall.
478,7.98333,1.01563,No rainfall.
479,8,1.01565,No rainfall.
480,8.01667,1.01567,No rainfall.
481,8.03333,1.01569,No rainfall.
482,8.05,1.01571,No rainfall.
483,8.06667,1.01573,No rainfall.
484,8.08333,1.01575,No rainfall.
485,8.1,1.01577,No rainfall.
486,8.11667,1.01579,No rainfall.
487,8.13333,1.01581,No rainfall.
488,8.15,1.01583,No rainfall.
489,8.16667,1.01585,No rainfall.
490,8.18333,1.01587,No rainfall.
491,8.2,1.01589,No rainfall.
492,8.21667,1.01592,No rainfall.
493,8.23333,1.01594,No rainfall.
494,8.25,1.01596,No rainfall.
495,8.26667,1.01598,No rainfall.
496,8.28333,1.016,No rainfall.
497,8.3,1.01602,No rainfall.
498,8.31667,1.01604,No rainfall.
499,8.33333,1.01607,No rainfall.
500,8.35,1.01609,No rainfall.
501,8.36667,1.01611,No rainfall.
502,8.38333,1.01613,No rainfall.
503,8.4,1.01616,No rainfall.
504,8.41667,1.01618,No rainfall.
505,8.43333,1.0162,No rainfall.
506,8.45,1.01622,No rainfall.
507,8.46667,1.01625,No rainfall.
508,8.48333,1.01627,No rainfall.
509,8.5,1.01629,No rainfall.
510,8.51667,1.01632,No rainfall.
511,8.53333,1.01634,No rainfall.
512,8.55,1.01636,No rainfall.
513,8.56667,1.01639,No rainfall.
514,8.58333,1.01641,No rainfall.
515,8.6,1.01643,No rainfall.
516,8.61667,1.01646,No rainfall.
517,8.63333,1.01648,No rainfall.
518,8.65,1.01651,No rainfall.
519,8.66667,1.01653,No rainfall.
520,8.68333,1.01656,No rainfall.
521,8.7,1.01658,No rainfall.
522,8.71667,1.01661,No rainfall.
523,8.73333,1.01663,No rainfall.
524,8.75,1.01666,No rainfall.
525,8.76667,1.01668,No rainfall.
526,8.78333,1.01671,No rainfall.
527,8.8,1.01673,No rainfall.
528,8.81667,1.01676,No rainfall.
529,8.83333,1.01679,No rainfall.
530,8.85,1.01681,No rainfall.
531,8.86667,1.01684,No rainfall.
532,8.88333,1.01686,No rainfall.
533,8.9,1.01689,No rainfall.
534,8.91667,1.01692,No rainfall.
535,8.93333,1.01694,No rainfall.
536,8.95,1.01697,No rainfall.
537,8.96667,1.017,No rainfall.
538,8.98333,1.01702,No rainfall.
539,9,1.01705,No rainfall.
540,9.01667,1.01708,No rainfall.
541,9.03333,1.0171,No rainfall.
542,9.05,1.01713,No rainfall.
543,9.06667,1.01716,No rainfall.
544,9.08333,1.01719,No rainfall.
545,9.1,1.01721,No rainfall.
546,9.11667,1.01724,No rainfall.
547,9.13333,1.01727,No rainfall.
548,9.15,1.0173,No rainfall.
549,9.16667,1.01733,No rainfall.
550,9.18333,1.01736,No rainfall.
551,9.2,1.01738,No rainfall.
552,9.21667,1.01741,No rainfall.
553,9.23333,1.01744,No rainfall.
554,9.25,1.01747,No rainfall.
555,9.26667,1.0175,No rainfall.
556,9.28333,1.01753,No rainfall.
557,9.3,1.01756,No rainfall.
558,9.31667,1.01759,No rainfall.
559,9.33333,1.01762,No rainfall.
560,9.35,1.01765,No rainfall.
561,9.36667,1.01768,No rainfall.
562,9.38333,1.01771,No rainfall.
563,9.4,1.01774,No rainfall.
564,9.41667,1.01777,No rainfall.
565,9.43333,1.0178,No rainfall.
566,9.45,1.01783,No rainfall.
567,9.46667,1.01786,No rainfall.
568,9.48333,1.01789,No rainfall.
569,9.5,1.01792,No rainfall.
570,9.51667,1.01795,No rainfall.
571,9.53333,1.01798,No rainfall.
572,9.55,1.01801,No rainfall.
573,9.56667,1.01804,No rainfall.
574,9.58333,1.01807,No rainfall.
575,9.6,1.0181,No rainfall.
576,9.61667,1.01813,No rainfall.
577,9.63333,1.01816,No rainfall.
578,9.65,1.0182,No rainfall.
579,9.66667,1.01823,No rainfall.
580,9.68333,1.01826,No rainfall.
581,9.7,1.01829,No rainfall.
582,9.71667,1.01832,No rainfall.
583,9.73333,1.01835,No rainfall.
584,9.75,1.01838,No rainfall.
585,9.76667,1.01842,No rainfall.
586,9.78333,1.01845,No rainfall.
587,9.8,1.01848,No rainfall.
588,9.81667,1.01851,No rainfall.
589,9.83333,1.01854,No rainfall.
590,9.85,1.01858,No rainfall.
591,9.86667,1.01861,No rainfall.
592,9.88333,1.01864,No rainfall.
593,9.9,1.01867,No rainfall.
594,9.91667,1.0187,No rainfall.
595,9.93333,1.01874,No rainfall.
596,9.95,1.01877,No rainfall.
597,9.96667,1.0188,No rainfall.
598,9.98333,1.01883,No rainfall.
599,10,1.01887,No rainfall.
Simulation time used by my computer for this 10 hours simulation=1.8890302700000272 minutes,,,
